val_image,matched_train_image,similarity,label
009_frontal/009_frontal.jpg,110_frontal/110_frontal.jpg,0.9763478,1
017_frontal/017_frontal.jpg,012_frontal/012_frontal.jpg,0.9353721,1
018_frontal/018_frontal.jpg,117_frontal/117_frontal.jpg,0.95817244,1
023_frontal/023_frontal.jpg,010_frontal/010_frontal.jpg,0.900456,1
024_frontal/024_frontal.jpg,003_frontal/003_frontal.jpg,0.95263714,1
033_frontal/033_frontal.jpg,060_frontal/060_frontal.jpg,0.9592509,1
034_frontal/034_frontal.jpg,089_frontal/089_frontal.jpg,0.9712312,1
037_frontal/037_frontal.jpg,003_frontal/003_frontal.jpg,0.9501349,1
041_frontal/041_frontal.jpg,118_frontal/118_frontal.jpg,0.96226805,1
046_frontal/046_frontal.jpg,043_frontal/043_frontal.jpg,0.97061586,1
049_frontal/049_frontal.jpg,039_frontal/039_frontal.jpg,0.93572354,1
050_frontal/050_frontal.jpg,081_frontal/081_frontal.jpg,0.9369072,1
052_frontal/052_frontal.jpg,Tom_Ridge/Tom_Ridge_0012.jpg,0.9098718,1
058_frontal/058_frontal.jpg,114_frontal/114_frontal.jpg,0.9202333,1
061_frontal/061_frontal.jpg,036_frontal/036_frontal.jpg,0.9484962,1
069_frontal/069_frontal.jpg,110_frontal/110_frontal.jpg,0.96801054,1
070_frontal/070_frontal.jpg,072_frontal/072_frontal.jpg,0.96167773,1
078_frontal/078_frontal.jpg,124_frontal/124_frontal.jpg,0.9542909,1
079_frontal/079_frontal.jpg,054_frontal/054_frontal.jpg,0.9430162,1
080_frontal/080_frontal.jpg,128_frontal/128_frontal.jpg,0.96022165,1
083_frontal/083_frontal.jpg,128_frontal/128_frontal.jpg,0.958834,1
084_frontal/084_frontal.jpg,035_frontal/035_frontal.jpg,0.9253583,1
091_frontal/091_frontal.jpg,076_frontal/076_frontal.jpg,0.95372474,1
098_frontal/098_frontal.jpg,010_frontal/010_frontal.jpg,0.94940484,1
105_frontal/105_frontal.jpg,099_frontal/099_frontal.jpg,0.9461146,1
108_frontal/108_frontal.jpg,090_frontal/090_frontal.jpg,0.94670403,1
112_frontal/112_frontal.jpg,115_frontal/115_frontal.jpg,0.8955933,1
120_frontal/120_frontal.jpg,095_frontal/095_frontal.jpg,0.93905056,1
Aaron_Peirsol/Aaron_Peirsol_0001.jpg,Bob_Melvin/Bob_Melvin_0001.jpg,0.90147626,1
Aaron_Peirsol/Aaron_Peirsol_0002.jpg,Joe_Mantello/Joe_Mantello_0001.jpg,0.9351659,1
Aaron_Peirsol/Aaron_Peirsol_0003.jpg,Al_Gore/Al_Gore_0006.jpg,0.9173122,1
Aaron_Peirsol/Aaron_Peirsol_0004.jpg,Joe_Mantello/Joe_Mantello_0001.jpg,0.9252123,1
Adam_Kennedy/Adam_Kennedy_0001.jpg,Tiger_Woods/Tiger_Woods_0011.jpg,0.9196199,1
Adrian_Nastase/Adrian_Nastase_0001.jpg,Colin_Powell/Colin_Powell_0067.jpg,0.9377764,1
Adrian_Nastase/Adrian_Nastase_0002.jpg,Colin_Powell/Colin_Powell_0119.jpg,0.9286269,1
Ai_Sugiyama/Ai_Sugiyama_0001.jpg,Colin_Powell/Colin_Powell_0112.jpg,0.9132657,1
Ai_Sugiyama/Ai_Sugiyama_0002.jpg,Mariangel_Ruiz_Torrealba/Mariangel_Ruiz_Torrealba_0003.jpg,0.9220818,1
Ai_Sugiyama/Ai_Sugiyama_0003.jpg,Karin_Stoiber/Karin_Stoiber_0002.jpg,0.9270265,1
Ai_Sugiyama/Ai_Sugiyama_0004.jpg,Ralf_Schumacher/Ralf_Schumacher_0001.jpg,0.8875898,1
Ai_Sugiyama/Ai_Sugiyama_0005.jpg,Al_Gore/Al_Gore_0003.jpg,0.9361334,1
Alain_Cervantes/Alain_Cervantes_0001.jpg,Hugo_Chavez/Hugo_Chavez_0026.jpg,0.89782524,1
Alanis_Morissette/Alanis_Morissette_0001.jpg,Rick_Santorum/Rick_Santorum_0002.jpg,0.9234498,1
Albert_Brooks/Albert_Brooks_0001.jpg,Rick_Romley/Rick_Romley_0003.jpg,0.94197375,1
Alexandre_Vinokourov/Alexandre_Vinokourov_0001.jpg,Jimmy_Jimenez/Jimmy_Jimenez_0001.jpg,0.85130346,1
Alicia_Molik/Alicia_Molik_0001.jpg,Al_Gore/Al_Gore_0007.jpg,0.9266994,1
Allison_Searing/Allison_Searing_0001.jpg,Maria_Shriver/Maria_Shriver_0002.jpg,0.8594272,1
Andy_Griffith/Andy_Griffith_0001.jpg,Luis_Gonzalez_Macchi/Luis_Gonzalez_Macchi_0003.jpg,0.9217425,1
Aparna_Pillai/Aparna_Pillai_0001.jpg,Jennifer_Connelly/Jennifer_Connelly_0004.jpg,0.93795055,1
Aretha_Franklin/Aretha_Franklin_0001.jpg,Juanes/Juanes_0003.jpg,0.9221281,1
Ari_Bousbib/Ari_Bousbib_0001.jpg,John_Edwards/John_Edwards_0007.jpg,0.92316747,1
Arnold_Scott/Arnold_Scott_0001.jpg,Benjamin_Netanyahu/Benjamin_Netanyahu_0001.jpg,0.90494466,1
Ben_Glisan/Ben_Glisan_0002.jpg,Colin_Powell/Colin_Powell_0123.jpg,0.9323429,1
Billy_Gilman/Billy_Gilman_0001.jpg,Michael_Chang/Michael_Chang_0006.jpg,0.9168668,1
Bill_Fennelly/Bill_Fennelly_0001.jpg,Larry_Ellison/Larry_Ellison_0002.jpg,0.89312464,1
Bill_Lerach/Bill_Lerach_0001.jpg,Colin_Powell/Colin_Powell_0134.jpg,0.9122741,1
Bill_Readdy/Bill_Readdy_0001.jpg,Ana_Palacio/Ana_Palacio_0003.jpg,0.9035902,1
Bing_Crosby/Bing_Crosby_0001.jpg,Giulietta_Masina/Giulietta_Masina_0001.jpg,0.90604305,1
Boutros_Boutros_Ghali/Boutros_Boutros_Ghali_0001.jpg,Colin_Powell/Colin_Powell_0063.jpg,0.91417885,1
Bruce_Weber/Bruce_Weber_0001.jpg,Ralph_Sampson/Ralph_Sampson_0001.jpg,0.9217882,1
Bruce_Weber/Bruce_Weber_0002.jpg,Chante_Jawan_Mallard/Chante_Jawan_Mallard_0001.jpg,0.92360336,1
Candice_Bergen/Candice_Bergen_0001.jpg,Robin_McGraw/Robin_McGraw_0001.jpg,0.8870509,1
Candice_Bergen/Candice_Bergen_0002.jpg,Naomi_Watts/Naomi_Watts_0002.jpg,0.94208163,1
Candice_Bergen/Candice_Bergen_0003.jpg,Catherine_Deneuve/Catherine_Deneuve_0002.jpg,0.9370136,1
Carl_Levin/Carl_Levin_0001.jpg,Colin_Powell/Colin_Powell_0222.jpg,0.89674044,1
Caroline_Kennedy/Caroline_Kennedy_0001.jpg,Afton_Smith/Afton_Smith_0001.jpg,0.9251306,1
Caroline_Kennedy/Caroline_Kennedy_0002.jpg,Anne_ONeil/Anne_ONeil_0001.jpg,0.93744254,1
Caroline_Kennedy/Caroline_Kennedy_0003.jpg,Cameron_Diaz/Cameron_Diaz_0004.jpg,0.9422244,1
Carolyn_Dawn_Johnson/Carolyn_Dawn_Johnson_0001.jpg,Catherine_Deneuve/Catherine_Deneuve_0002.jpg,0.92702305,1
Carolyn_Dawn_Johnson/Carolyn_Dawn_Johnson_0002.jpg,Kate_Hudson/Kate_Hudson_0008.jpg,0.93642294,1
Carolyn_Dawn_Johnson/Carolyn_Dawn_Johnson_0003.jpg,Tommy_Shane_Steiner/Tommy_Shane_Steiner_0001.jpg,0.9238956,1
Cate_Blanchett/Cate_Blanchett_0001.jpg,Naomi_Watts/Naomi_Watts_0016.jpg,0.93491715,1
Cate_Blanchett/Cate_Blanchett_0002.jpg,Gwendal_Peizerat/Gwendal_Peizerat_0003.jpg,0.9308528,1
Cate_Blanchett/Cate_Blanchett_0003.jpg,Ellen_Pompeo/Ellen_Pompeo_0001.jpg,0.9122753,1
Cate_Blanchett/Cate_Blanchett_0004.jpg,Justine_Pasek/Justine_Pasek_0003.jpg,0.9269696,1
Charles_Cope/Charles_Cope_0001.jpg,Luis_Gonzalez_Macchi/Luis_Gonzalez_Macchi_0003.jpg,0.92852914,1
Charlotte_Church/Charlotte_Church_0001.jpg,Salma_Hayek/Salma_Hayek_0013.jpg,0.94286287,1
Christian_Von_Wernich/Christian_Von_Wernich_0001.jpg,Colin_Powell/Colin_Powell_0050.jpg,0.93021727,1
Christine_Gregoire/Christine_Gregoire_0001.jpg,John_Kerry/John_Kerry_0007.jpg,0.9194285,1
Christine_Gregoire/Christine_Gregoire_0002.jpg,Al_Gore/Al_Gore_0001.jpg,0.9192575,1
Christine_Gregoire/Christine_Gregoire_0003.jpg,Billy_Sollie/Billy_Sollie_0001.jpg,0.94257164,1
Christine_Gregoire/Christine_Gregoire_0004.jpg,Emma_Nicholson/Emma_Nicholson_0001.jpg,0.9197951,1
Chris_Columbus/Chris_Columbus_0001.jpg,Emma_Nicholson/Emma_Nicholson_0001.jpg,0.91788656,1
Chris_Dodd/Chris_Dodd_0001.jpg,Colin_Powell/Colin_Powell_0182.jpg,0.92334855,1
Claudia_Coslovich/Claudia_Coslovich_0001.jpg,Shawn_Bradley/Shawn_Bradley_0001.jpg,0.92896587,1
Clive_Woodward/Clive_Woodward_0001.jpg,Carson_Palmer/Carson_Palmer_0003.jpg,0.90647864,1
Cole_Chapman/Cole_Chapman_0001.jpg,Marc_Bulger/Marc_Bulger_0001.jpg,0.8882889,1
Colleen_Ryan/Colleen_Ryan_0001.jpg,Tammy_Helm/Tammy_Helm_0001.jpg,0.90367365,1
Craig_David/Craig_David_0001.jpg,Abdullatif_Sener/Abdullatif_Sener_0001.jpg,0.88457936,1
Daja_Bedanova/Daja_Bedanova_0001.jpg,David_Modell/David_Modell_0001.jpg,0.9128608,1
Daniel_Darnell/Daniel_Darnell_0001.jpg,Oscar_De_La_Hoya/Oscar_De_La_Hoya_0006.jpg,0.93125343,1
Danny_Ainge/Danny_Ainge_0001.jpg,Bob_Stoops/Bob_Stoops_0005.jpg,0.91586924,1
Dany_Heatley/Dany_Heatley_0001.jpg,Marcelo_Ebrard/Marcelo_Ebrard_0002.jpg,0.9215947,1
Daryl_Hannah/Daryl_Hannah_0001.jpg,Sue_Grafton/Sue_Grafton_0001.jpg,0.91248643,1
Daryl_Hannah/Daryl_Hannah_0002.jpg,Jane_Leeves/Jane_Leeves_0001.jpg,0.9184221,1
David_Hannay/David_Hannay_0001.jpg,Colin_Powell/Colin_Powell_0087.jpg,0.88947356,1
David_McCallum/David_McCallum_0001.jpg,Cabas/Cabas_0001.jpg,0.9280852,1
David_Tornberg/David_Tornberg_0001.jpg,Colin_Powell/Colin_Powell_0117.jpg,0.9225869,1
Dean_Jacek/Dean_Jacek_0001.jpg,Chris_Cirino/Chris_Cirino_0001.jpg,0.927641,1
Deece_Eckstein/Deece_Eckstein_0001.jpg,Colin_Powell/Colin_Powell_0067.jpg,0.9299098,1
Dennis_Powell/Dennis_Powell_0001.jpg,Tom_Ridge/Tom_Ridge_0008.jpg,0.92903614,1
Dennis_Powell/Dennis_Powell_0002.jpg,Colin_Powell/Colin_Powell_0067.jpg,0.92542464,1
Dick_Posthumus/Dick_Posthumus_0001.jpg,Larry_Beinfest/Larry_Beinfest_0001.jpg,0.92631125,1
Donald_Trump/Donald_Trump_0001.jpg,Diane_Lane/Diane_Lane_0001.jpg,0.93652976,1
Douglas_Gansler/Douglas_Gansler_0001.jpg,Pete_Sampras/Pete_Sampras_0021.jpg,0.93183887,1
Duane_Lee_Chapman/Duane_Lee_Chapman_0001.jpg,Colin_Powell/Colin_Powell_0063.jpg,0.89655507,1
Duane_Lee_Chapman/Duane_Lee_Chapman_0002.jpg,Leo_Ramirez/Leo_Ramirez_0001.jpg,0.8927047,1
Edina_Batar/Edina_Batar_0001.jpg,James_Blake/James_Blake_0011.jpg,0.8890476,1
Elaine_Chao/Elaine_Chao_0001.jpg,Anne_ONeil/Anne_ONeil_0001.jpg,0.9268179,1
Elizabeth_Hill/Elizabeth_Hill_0001.jpg,Carson_Palmer/Carson_Palmer_0003.jpg,0.9180264,1
Elizabeth_Taylor/Elizabeth_Taylor_0001.jpg,Rosemarie_Stack/Rosemarie_Stack_0002.jpg,0.8842038,1
Elizabeth_Taylor/Elizabeth_Taylor_0002.jpg,Margie_Puente/Margie_Puente_0001.jpg,0.904034,1
Eliza_Manningham-Buller/Eliza_Manningham-Buller_0001.jpg,Alan_Ball/Alan_Ball_0001.jpg,0.91749084,1
Emanuel_Ginobili/Emanuel_Ginobili_0001.jpg,Pete_Sampras/Pete_Sampras_0007.jpg,0.9167796,1
Emanuel_Ginobili/Emanuel_Ginobili_0002.jpg,Scott_McNealy/Scott_McNealy_0002.jpg,0.8905371,1
Emanuel_Ginobili/Emanuel_Ginobili_0003.jpg,Amanda_Beard/Amanda_Beard_0002.jpg,0.89336514,1
Emanuel_Ginobili/Emanuel_Ginobili_0005.jpg,Fernando_Leon_de_Aranoa/Fernando_Leon_de_Aranoa_0001.jpg,0.9171408,1
Enrique_Bolanos/Enrique_Bolanos_0001.jpg,Hun_Sen/Hun_Sen_0002.jpg,0.91742706,1
Enrique_Bolanos/Enrique_Bolanos_0002.jpg,James_Sensenbrenner/James_Sensenbrenner_0001.jpg,0.89939624,1
Enrique_Bolanos/Enrique_Bolanos_0003.jpg,Colin_Powell/Colin_Powell_0205.jpg,0.925871,1
Enrique_Bolanos/Enrique_Bolanos_0004.jpg,Tom_Ridge/Tom_Ridge_0021.jpg,0.89079404,1
Enrique_Bolanos/Enrique_Bolanos_0005.jpg,Colin_Powell/Colin_Powell_0174.jpg,0.9241184,1
Eric_Hinske/Eric_Hinske_0002.jpg,Derek_Jeter/Derek_Jeter_0004.jpg,0.92466867,1
Eva_Herzigova/Eva_Herzigova_0001.jpg,Barbara_Becker/Barbara_Becker_0001.jpg,0.9147093,1
Evie_Lazarou/Evie_Lazarou_0001.jpg,Salma_Hayek/Salma_Hayek_0003.jpg,0.9439577,1
Fernando_Valenzuela/Fernando_Valenzuela_0001.jpg,Colin_Powell/Colin_Powell_0012.jpg,0.9281696,1
Francisco_Flores/Francisco_Flores_0001.jpg,Gary_Locke/Gary_Locke_0002.jpg,0.90556693,1
Francisco_Flores/Francisco_Flores_0002.jpg,Hugo_Chavez/Hugo_Chavez_0059.jpg,0.9350904,1
Francisco_Flores/Francisco_Flores_0003.jpg,Hugo_Chavez/Hugo_Chavez_0050.jpg,0.9261259,1
Francisco_Flores/Francisco_Flores_0004.jpg,Gregorio_Honasan/Gregorio_Honasan_0001.jpg,0.91481876,1
Franz_Gsell/Franz_Gsell_0001.jpg,Luc_Montagnier/Luc_Montagnier_0001.jpg,0.9319926,1
Fran_Drescher/Fran_Drescher_0001.jpg,Connie_Chung/Connie_Chung_0001.jpg,0.9481457,1
Fran_Drescher/Fran_Drescher_0002.jpg,Salma_Hayek/Salma_Hayek_0001.jpg,0.94253635,1
Gabi_Zimmer/Gabi_Zimmer_0001.jpg,Richard_Tubb/Richard_Tubb_0001.jpg,0.9233843,1
Garry_Kasparov/Garry_Kasparov_0001.jpg,Derek_Jeter/Derek_Jeter_0002.jpg,0.9387608,1
Gary_Bettman/Gary_Bettman_0001.jpg,Mike_Holmgren/Mike_Holmgren_0001.jpg,0.9310477,1
Gene_Autry/Gene_Autry_0001.jpg,Compay_Segundo/Compay_Segundo_0001.jpg,0.9354036,1
George_Blaney/George_Blaney_0001.jpg,Gary_Williams/Gary_Williams_0001.jpg,0.86005163,1
Gerard_de_Cortanze/Gerard_de_Cortanze_0001.jpg,Tom_Ridge/Tom_Ridge_0033.jpg,0.9272685,1
Ghassan_Elashi/Ghassan_Elashi_0001.jpg,Hamid_Karzai/Hamid_Karzai_0011.jpg,0.8847201,1
Gloria_Gaynor/Gloria_Gaynor_0001.jpg,Sophia_Loren/Sophia_Loren_0002.jpg,0.8566657,1
Gregorio_Rosal/Gregorio_Rosal_0001.jpg,Hugo_Chavez/Hugo_Chavez_0060.jpg,0.9303406,1
Guillaume_Depardieu/Guillaume_Depardieu_0001.jpg,Brian_Wells/Brian_Wells_0001.jpg,0.9068247,1
Gustavo_Kuerten/Gustavo_Kuerten_0001.jpg,Tom_Ridge/Tom_Ridge_0025.jpg,0.92135847,1
Gustavo_Kuerten/Gustavo_Kuerten_0002.jpg,Tom_Ridge/Tom_Ridge_0025.jpg,0.90881664,1
Gustavo_Kuerten/Gustavo_Kuerten_0003.jpg,Hugo_Chavez/Hugo_Chavez_0012.jpg,0.9162525,1
Gus_Van_Sant/Gus_Van_Sant_0001.jpg,Tom_Ridge/Tom_Ridge_0014.jpg,0.94846267,1
Gus_Van_Sant/Gus_Van_Sant_0002.jpg,Tom_Ridge/Tom_Ridge_0010.jpg,0.9351086,1
Gus_Van_Sant/Gus_Van_Sant_0003.jpg,Raymond_Arthurs/Raymond_Arthurs_0001.jpg,0.94695437,1
Hamad_Bin_Jassim/Hamad_Bin_Jassim_0001.jpg,Juan_Ignacio_Chela/Juan_Ignacio_Chela_0003.jpg,0.9028921,1
Hans_Eichel/Hans_Eichel_0001.jpg,Colin_Powell/Colin_Powell_0050.jpg,0.9320266,1
Hans_Eichel/Hans_Eichel_0002.jpg,Gregg_Popovich/Gregg_Popovich_0005.jpg,0.89929914,1
Hans_Eichel/Hans_Eichel_0003.jpg,Colin_Powell/Colin_Powell_0081.jpg,0.90051955,1
Harrison_Ford/Harrison_Ford_0001.jpg,Colin_Powell/Colin_Powell_0131.jpg,0.92172146,1
Harrison_Ford/Harrison_Ford_0002.jpg,Rob_Niedermayer/Rob_Niedermayer_0001.jpg,0.94398,1
Harrison_Ford/Harrison_Ford_0003.jpg,Phillip_Fulmer/Phillip_Fulmer_0001.jpg,0.90609074,1
Harrison_Ford/Harrison_Ford_0004.jpg,Diane_Lane/Diane_Lane_0001.jpg,0.9150879,1
Harrison_Ford/Harrison_Ford_0005.jpg,Jeannette_Biedermann/Jeannette_Biedermann_0001.jpg,0.92567796,1
Harrison_Ford/Harrison_Ford_0006.jpg,Alan_Ball/Alan_Ball_0001.jpg,0.9369745,1
Harrison_Ford/Harrison_Ford_0007.jpg,Colin_Powell/Colin_Powell_0182.jpg,0.8885775,1
Harrison_Ford/Harrison_Ford_0008.jpg,Phillip_Fulmer/Phillip_Fulmer_0001.jpg,0.93103254,1
Harrison_Ford/Harrison_Ford_0009.jpg,Ray_Liotta/Ray_Liotta_0001.jpg,0.94480723,1
Harrison_Ford/Harrison_Ford_0010.jpg,Alan_Ball/Alan_Ball_0001.jpg,0.92059875,1
Harrison_Ford/Harrison_Ford_0011.jpg,Colin_Powell/Colin_Powell_0120.jpg,0.9316376,1
Harrison_Ford/Harrison_Ford_0012.jpg,William_Burns/William_Burns_0002.jpg,0.91239464,1
Hrithik_Roshan/Hrithik_Roshan_0001.jpg,Hugo_Chavez/Hugo_Chavez_0028.jpg,0.9248516,1
Hugo_Conte/Hugo_Conte_0001.jpg,Colin_Powell/Colin_Powell_0113.jpg,0.8260914,1
Hung_Wan-ting/Hung_Wan-ting_0001.jpg,Nebojsa_Pavkovic/Nebojsa_Pavkovic_0002.jpg,0.8886105,1
Ibrahim_Hilal/Ibrahim_Hilal_0001.jpg,Pete_Sampras/Pete_Sampras_0021.jpg,0.9279983,1
Isabella_Rossellini/Isabella_Rossellini_0001.jpg,Suzanne_Haik_Terrell/Suzanne_Haik_Terrell_0001.jpg,0.89377975,1
Isabella_Rossellini/Isabella_Rossellini_0002.jpg,Lucy_Liu/Lucy_Liu_0003.jpg,0.9355953,1
Isabella_Rossellini/Isabella_Rossellini_0003.jpg,Matthew_Broderick/Matthew_Broderick_0003.jpg,0.9356441,1
Ivan_Helguera/Ivan_Helguera_0001.jpg,Roberto_Carlos/Roberto_Carlos_0004.jpg,0.8672142,1
Jade_Jagger/Jade_Jagger_0001.jpg,Tom_Cruise/Tom_Cruise_0001.jpg,0.93307745,1
Jake_Gyllenhaal/Jake_Gyllenhaal_0001.jpg,Javier_Saviola/Javier_Saviola_0001.jpg,0.94388384,1
Jake_Gyllenhaal/Jake_Gyllenhaal_0002.jpg,092_frontal/092_frontal.jpg,0.91771287,1
Jake_Gyllenhaal/Jake_Gyllenhaal_0003.jpg,Kristanna_Loken/Kristanna_Loken_0005.jpg,0.9422834,1
Jake_Gyllenhaal/Jake_Gyllenhaal_0004.jpg,George_Lopez/George_Lopez_0003.jpg,0.93252665,1
Jake_Gyllenhaal/Jake_Gyllenhaal_0005.jpg,Diane_Lane/Diane_Lane_0001.jpg,0.9342158,1
James_Butts/James_Butts_0001.jpg,Colin_Powell/Colin_Powell_0102.jpg,0.9234309,1
James_Butts/James_Butts_0002.jpg,Turner_Gill/Turner_Gill_0001.jpg,0.9404352,1
James_Hoffa/James_Hoffa_0001.jpg,Hugo_Chavez/Hugo_Chavez_0028.jpg,0.91885364,1
Jennifer_Keller/Jennifer_Keller_0001.jpg,Diane_Lane/Diane_Lane_0001.jpg,0.93492395,1
Jennifer_Keller/Jennifer_Keller_0002.jpg,Flor_Montulo/Flor_Montulo_0002.jpg,0.9115529,1
Jennifer_Keller/Jennifer_Keller_0003.jpg,Billy_Sollie/Billy_Sollie_0001.jpg,0.90083337,1
Jennifer_Keller/Jennifer_Keller_0004.jpg,Maureen_Fanning/Maureen_Fanning_0001.jpg,0.9358705,1
Jeri_Ryan/Jeri_Ryan_0001.jpg,Naomi_Watts/Naomi_Watts_0002.jpg,0.93870807,1
Jesper_Parnevik/Jesper_Parnevik_0001.jpg,Milo_Maestrecampo/Milo_Maestrecampo_0003.jpg,0.90908575,1
Jesse_James_Leija/Jesse_James_Leija_0001.jpg,Dave_Lewis/Dave_Lewis_0001.jpg,0.9150771,1
Jesse_James_Leija/Jesse_James_Leija_0002.jpg,Lawrence_Di_Rita/Lawrence_Di_Rita_0001.jpg,0.94327915,1
Jessica_Brungo/Jessica_Brungo_0001.jpg,Hugo_Chavez/Hugo_Chavez_0048.jpg,0.88799083,1
Johan_Bruyneel/Johan_Bruyneel_0001.jpg,Carlos_Savedra/Carlos_Savedra_0001.jpg,0.9407944,1
John_Nash/John_Nash_0001.jpg,Karl-Heinz_Rummenigge/Karl-Heinz_Rummenigge_0001.jpg,0.92125124,1
John_Philip_Elkann/John_Philip_Elkann_0001.jpg,Javier_Saviola/Javier_Saviola_0001.jpg,0.9321948,1
Jose_Carreras/Jose_Carreras_0001.jpg,Colin_Powell/Colin_Powell_0010.jpg,0.8948688,1
Jose_Lopez_Beltran/Jose_Lopez_Beltran_0001.jpg,Bob_Stoops/Bob_Stoops_0003.jpg,0.9283201,1
Juan_Francisco_Palencia/Juan_Francisco_Palencia_0001.jpg,Matt_Damon/Matt_Damon_0004.jpg,0.8957846,1
Juergen_Braehmer/Juergen_Braehmer_0001.jpg,Colin_Powell/Colin_Powell_0039.jpg,0.89126915,1
Julie_Infante/Julie_Infante_0001.jpg,Emma_Nicholson/Emma_Nicholson_0001.jpg,0.90827155,1
Kai-Uwe_Ricke/Kai-Uwe_Ricke_0001.jpg,Billy_Sollie/Billy_Sollie_0001.jpg,0.93312275,1
Kalid_Kaid/Kalid_Kaid_0001.jpg,Li_Peng/Li_Peng_0002.jpg,0.83810794,1
Kate_Lee/Kate_Lee_0001.jpg,Nadine_Vinzens/Nadine_Vinzens_0002.jpg,0.930475,1
Kenneth_Branagh/Kenneth_Branagh_0001.jpg,Martha_Burk/Martha_Burk_0004.jpg,0.9375929,1
Kenneth_Branagh/Kenneth_Branagh_0002.jpg,128_frontal/128_frontal.jpg,0.90928113,1
Kevin_Spacey/Kevin_Spacey_0001.jpg,Colin_Powell/Colin_Powell_0061.jpg,0.93076277,1
Kevin_Spacey/Kevin_Spacey_0002.jpg,Kurt_Warner/Kurt_Warner_0002.jpg,0.92490065,1
Kevin_Spacey/Kevin_Spacey_0003.jpg,Tim_Curry/Tim_Curry_0001.jpg,0.9254998,1
Kevin_Spacey/Kevin_Spacey_0004.jpg,Thomas_Fargo/Thomas_Fargo_0002.jpg,0.90942305,1
Kevin_Spacey/Kevin_Spacey_0005.jpg,Kofi_Annan/Kofi_Annan_0004.jpg,0.85010445,1
Khaled_Sawalhi/Khaled_Sawalhi_0001.jpg,Oscar_Elias_Biscet/Oscar_Elias_Biscet_0002.jpg,0.92368114,1
Kiki_Vandeweghe/Kiki_Vandeweghe_0001.jpg,Aleksander_Kwasniewski/Aleksander_Kwasniewski_0004.jpg,0.9272985,1
Kiki_Vandeweghe/Kiki_Vandeweghe_0002.jpg,William_Webster/William_Webster_0001.jpg,0.90327,1
Kurt_Budke/Kurt_Budke_0001.jpg,Manuela_Montebrun/Manuela_Montebrun_0001.jpg,0.9343336,1
Kwon_Young-gil/Kwon_Young-gil_0001.jpg,Hugo_Chavez/Hugo_Chavez_0030.jpg,0.9206158,1
Larry_Coker/Larry_Coker_0001.jpg,Malik_Mahmud/Malik_Mahmud_0001.jpg,0.9320536,1
Larry_Coker/Larry_Coker_0002.jpg,Louis_Van_Gaal/Louis_Van_Gaal_0001.jpg,0.8943377,1
Larry_Coker/Larry_Coker_0003.jpg,Slobodan_Milosevic/Slobodan_Milosevic_0002.jpg,0.9352516,1
Larry_Coker/Larry_Coker_0004.jpg,Thomas_OBrien/Thomas_OBrien_0003.jpg,0.9213866,1
Leandrinho_Barbosa/Leandrinho_Barbosa_0001.jpg,Janet_Napolitano/Janet_Napolitano_0002.jpg,0.92134386,1
Lea_Fastow/Lea_Fastow_0001.jpg,John_Abizaid/John_Abizaid_0005.jpg,0.9220718,1
Lea_Fastow/Lea_Fastow_0002.jpg,Diane_Lane/Diane_Lane_0001.jpg,0.9280573,1
Lennart_Johansson/Lennart_Johansson_0001.jpg,Carlos_Ortega/Carlos_Ortega_0002.jpg,0.93242216,1
Lili_Marinho/Lili_Marinho_0001.jpg,Diane_Lane/Diane_Lane_0001.jpg,0.9435904,1
Linda_Dano/Linda_Dano_0001.jpg,Martha_Bowen/Martha_Bowen_0001.jpg,0.92956996,1
Lionel_Chalmers/Lionel_Chalmers_0001.jpg,Tiger_Woods/Tiger_Woods_0008.jpg,0.9230403,1
Lionel_Richie/Lionel_Richie_0001.jpg,Denzel_Washington/Denzel_Washington_0003.jpg,0.91677284,1
Lionel_Richie/Lionel_Richie_0002.jpg,Chante_Jawan_Mallard/Chante_Jawan_Mallard_0001.jpg,0.9351733,1
Lord_Hutton/Lord_Hutton_0001.jpg,Strom_Thurmond/Strom_Thurmond_0001.jpg,0.8841459,1
Lord_Hutton/Lord_Hutton_0002.jpg,Colin_Powell/Colin_Powell_0087.jpg,0.93158543,1
Luther_Htu/Luther_Htu_0001.jpg,James_Ballenger/James_Ballenger_0001.jpg,0.860709,1
Lutz_Freitag/Lutz_Freitag_0001.jpg,Colin_Powell/Colin_Powell_0057.jpg,0.93164396,1
Malak_Habbak/Malak_Habbak_0001.jpg,Lisa_Stone/Lisa_Stone_0001.jpg,0.8909056,1
Marc_Anthony/Marc_Anthony_0001.jpg,Vanessa_Williams/Vanessa_Williams_0002.jpg,0.92263603,1
Marc_Leger/Marc_Leger_0001.jpg,Denzel_Washington/Denzel_Washington_0004.jpg,0.9157971,1
Mariano_Zabaleta/Mariano_Zabaleta_0001.jpg,Mona_Ayoub/Mona_Ayoub_0001.jpg,0.9230831,1
Maria_Wetterstrand/Maria_Wetterstrand_0001.jpg,Lucy_Liu/Lucy_Liu_0003.jpg,0.9391428,1
Mario_Lobo_Zagallo/Mario_Lobo_Zagallo_0001.jpg,Derek_Jeter/Derek_Jeter_0004.jpg,0.917375,1
Mark_Broxmeyer/Mark_Broxmeyer_0001.jpg,Colin_Powell/Colin_Powell_0102.jpg,0.9129697,1
Mark_Warner/Mark_Warner_0001.jpg,Alejandro_Atchugarry/Alejandro_Atchugarry_0002.jpg,0.9313429,1
Mark_Warner/Mark_Warner_0002.jpg,Tom_Ridge/Tom_Ridge_0018.jpg,0.8966601,1
Martin_Brodeur/Martin_Brodeur_0001.jpg,Tiger_Woods/Tiger_Woods_0007.jpg,0.93025404,1
Martin_Brodeur/Martin_Brodeur_0002.jpg,Isidro_Pastor/Isidro_Pastor_0001.jpg,0.9068246,1
Martin_Luther_King_III/Martin_Luther_King_III_0001.jpg,Slobodan_Milosevic/Slobodan_Milosevic_0002.jpg,0.90354514,1
Mary_Jo_Myers/Mary_Jo_Myers_0001.jpg,Tom_Hanks/Tom_Hanks_0001.jpg,0.91472876,1
Matt_Braker/Matt_Braker_0001.jpg,Hugo_Chavez/Hugo_Chavez_0028.jpg,0.9233571,1
Melana_Scantlin/Melana_Scantlin_0001.jpg,Brigitte_Boisselier/Brigitte_Boisselier_0002.jpg,0.9302142,1
Melissa_Manchester/Melissa_Manchester_0001.jpg,Mona_Ayoub/Mona_Ayoub_0001.jpg,0.8532964,1
Mia_Mottley/Mia_Mottley_0001.jpg,Jimmy_Jimenez/Jimmy_Jimenez_0001.jpg,0.8448803,1
Michael_Kirby/Michael_Kirby_0001.jpg,Tom_Ridge/Tom_Ridge_0009.jpg,0.911666,1
Michele_Placido/Michele_Placido_0001.jpg,Turner_Gill/Turner_Gill_0001.jpg,0.9260185,1
Mickey_Gilley/Mickey_Gilley_0001.jpg,Cho_Myung-kyun/Cho_Myung-kyun_0001.jpg,0.93445015,1
Miguel_Jimenez/Miguel_Jimenez_0001.jpg,Tom_Welch/Tom_Welch_0001.jpg,0.92376786,1
Mike_Maroth/Mike_Maroth_0001.jpg,Tiger_Woods/Tiger_Woods_0007.jpg,0.92358565,1
Mike_Sherman/Mike_Sherman_0001.jpg,Strom_Thurmond/Strom_Thurmond_0002.jpg,0.9093734,1
Milan_Kucan/Milan_Kucan_0001.jpg,Colin_Powell/Colin_Powell_0101.jpg,0.93718684,1
Millicent_Martin/Millicent_Martin_0001.jpg,Deena_Burnett/Deena_Burnett_0001.jpg,0.9134629,1
Mitzi_Gaynor/Mitzi_Gaynor_0001.jpg,Lyle_Vanclief/Lyle_Vanclief_0002.jpg,0.91405666,1
Miyako_Miyazaki/Miyako_Miyazaki_0001.jpg,Aishwarya_Rai/Aishwarya_Rai_0001.jpg,0.9302617,1
Miyako_Miyazaki/Miyako_Miyazaki_0002.jpg,Samantha_Daniels/Samantha_Daniels_0001.jpg,0.9349774,1
Mohammed_Abu_Sharia/Mohammed_Abu_Sharia_0001.jpg,Benjamin_Netanyahu/Benjamin_Netanyahu_0001.jpg,0.9378899,1
Monica_Serra/Monica_Serra_0001.jpg,Christina_Sawaya/Christina_Sawaya_0001.jpg,0.9121482,1
Monique_Gagnon-Tremblay/Monique_Gagnon-Tremblay_0001.jpg,Kate_Hudson/Kate_Hudson_0005.jpg,0.88886297,1
Mukesh_Ambani/Mukesh_Ambani_0001.jpg,JP_Suarez/JP_Suarez_0001.jpg,0.9024443,1
Mukesh_Ambani/Mukesh_Ambani_0002.jpg,Rick_Santorum/Rick_Santorum_0001.jpg,0.9037533,1
Mukesh_Ambani/Mukesh_Ambani_0003.jpg,Michael_Sullivan/Michael_Sullivan_0001.jpg,0.92861146,1
Nora_Bendijo/Nora_Bendijo_0001.jpg,Pete_Sampras/Pete_Sampras_0009.jpg,0.8945367,1
Nora_Bendijo/Nora_Bendijo_0002.jpg,Tom_Hanks/Tom_Hanks_0008.jpg,0.91359735,1
Oliver_Stone/Oliver_Stone_0001.jpg,Colin_Powell/Colin_Powell_0142.jpg,0.8579166,1
Oprah_Winfrey/Oprah_Winfrey_0002.jpg,Debra_Rose/Debra_Rose_0001.jpg,0.9283174,1
Oprah_Winfrey/Oprah_Winfrey_0004.jpg,Daniel_Radcliffe/Daniel_Radcliffe_0004.jpg,0.9164662,1
Padraig_Harrington/Padraig_Harrington_0001.jpg,Michael_Chang/Michael_Chang_0006.jpg,0.9051526,1
Padraig_Harrington/Padraig_Harrington_0002.jpg,Fred_Funk/Fred_Funk_0002.jpg,0.93388355,1
Padraig_Harrington/Padraig_Harrington_0004.jpg,Tony_Curtis/Tony_Curtis_0001.jpg,0.8799241,1
Paola_Espinoza/Paola_Espinoza_0001.jpg,Tiger_Woods/Tiger_Woods_0005.jpg,0.9240713,1
Paris_Hilton/Paris_Hilton_0001.jpg,Patricia_Hearst/Patricia_Hearst_0001.jpg,0.92531085,1
Paris_Hilton/Paris_Hilton_0002.jpg,Brigitte_Boisselier/Brigitte_Boisselier_0002.jpg,0.92334974,1
Paula_Abdul/Paula_Abdul_0001.jpg,Kristin_Davis/Kristin_Davis_0001.jpg,0.9508359,1
Paul_Bremer/Paul_Bremer_0001.jpg,Al_Gore/Al_Gore_0002.jpg,0.92257,1
Paul_Bremer/Paul_Bremer_0002.jpg,Tom_Miller/Tom_Miller_0001.jpg,0.9301549,1
Paul_Bremer/Paul_Bremer_0003.jpg,Hugo_Chavez/Hugo_Chavez_0027.jpg,0.9226328,1
Paul_Bremer/Paul_Bremer_0004.jpg,Janet_Napolitano/Janet_Napolitano_0004.jpg,0.9319965,1
Paul_Bremer/Paul_Bremer_0005.jpg,Pete_Sampras/Pete_Sampras_0007.jpg,0.9177717,1
Paul_Bremer/Paul_Bremer_0006.jpg,Yang_Jianli/Yang_Jianli_0001.jpg,0.9332192,1
Paul_Bremer/Paul_Bremer_0007.jpg,Tom_Ridge/Tom_Ridge_0022.jpg,0.9350709,1
Paul_Bremer/Paul_Bremer_0008.jpg,Pete_Sampras/Pete_Sampras_0007.jpg,0.9321604,1
Paul_Bremer/Paul_Bremer_0009.jpg,Tom_Ridge/Tom_Ridge_0025.jpg,0.928608,1
Paul_Bremer/Paul_Bremer_0010.jpg,Tom_Ridge/Tom_Ridge_0023.jpg,0.93481237,1
Paul_Bremer/Paul_Bremer_0011.jpg,Larry_Beinfest/Larry_Beinfest_0001.jpg,0.91541326,1
Paul_Bremer/Paul_Bremer_0012.jpg,Betty_Garrison/Betty_Garrison_0001.jpg,0.9205109,1
Paul_Bremer/Paul_Bremer_0013.jpg,Tom_Ridge/Tom_Ridge_0031.jpg,0.9173654,1
Paul_Bremer/Paul_Bremer_0015.jpg,Bob_Guccione/Bob_Guccione_0001.jpg,0.92004704,1
Paul_Bremer/Paul_Bremer_0016.jpg,Shawn_Bradley/Shawn_Bradley_0001.jpg,0.9000157,1
Paul_Bremer/Paul_Bremer_0017.jpg,Tom_Ridge/Tom_Ridge_0014.jpg,0.9375536,1
Paul_Bremer/Paul_Bremer_0018.jpg,Marcelo_Ebrard/Marcelo_Ebrard_0002.jpg,0.9315486,1
Paul_Bremer/Paul_Bremer_0019.jpg,Tom_Ridge/Tom_Ridge_0022.jpg,0.93239236,1
Paul_Bremer/Paul_Bremer_0020.jpg,Chante_Jawan_Mallard/Chante_Jawan_Mallard_0001.jpg,0.9188579,1
Paul_Burrell/Paul_Burrell_0001.jpg,George_Lopez/George_Lopez_0003.jpg,0.93872446,1
Paul_Burrell/Paul_Burrell_0002.jpg,Steve_Mariucci/Steve_Mariucci_0003.jpg,0.93654203,1
Paul_Burrell/Paul_Burrell_0003.jpg,Matt_Damon/Matt_Damon_0004.jpg,0.94314736,1
Paul_Burrell/Paul_Burrell_0004.jpg,Marcelo_Ebrard/Marcelo_Ebrard_0002.jpg,0.9456283,1
Paul_Burrell/Paul_Burrell_0005.jpg,Richard_Tubb/Richard_Tubb_0001.jpg,0.9302621,1
Paul_Burrell/Paul_Burrell_0006.jpg,Tom_Ridge/Tom_Ridge_0033.jpg,0.9318378,1
Paul_Burrell/Paul_Burrell_0007.jpg,Dai_Chul_Chyung/Dai_Chul_Chyung_0001.jpg,0.9238852,1
Paul_Burrell/Paul_Burrell_0008.jpg,Aleksander_Kwasniewski/Aleksander_Kwasniewski_0004.jpg,0.94963527,1
Paul_Burrell/Paul_Burrell_0009.jpg,Ciro_Gomes/Ciro_Gomes_0003.jpg,0.9275578,1
Paul_Burrell/Paul_Burrell_0010.jpg,Rob_Niedermayer/Rob_Niedermayer_0001.jpg,0.9448134,1
Paul_Burrell/Paul_Burrell_0011.jpg,Ralf_Schumacher/Ralf_Schumacher_0004.jpg,0.93263316,1
Paul_William_Hurley/Paul_William_Hurley_0001.jpg,Colin_Powell/Colin_Powell_0231.jpg,0.9158873,1
Paul_William_Hurley/Paul_William_Hurley_0002.jpg,Colin_Powell/Colin_Powell_0144.jpg,0.90837955,1
Pedro_Malan/Pedro_Malan_0001.jpg,Otto_Schily/Otto_Schily_0001.jpg,0.92195064,1
Pedro_Malan/Pedro_Malan_0003.jpg,Robert_Duvall/Robert_Duvall_0006.jpg,0.9174567,1
Pedro_Malan/Pedro_Malan_0004.jpg,Rodney_Dangerfield/Rodney_Dangerfield_0001.jpg,0.94338554,1
Pedro_Malan/Pedro_Malan_0005.jpg,Ray_Bradbury/Ray_Bradbury_0001.jpg,0.91967547,1
Pedro_Solbes/Pedro_Solbes_0001.jpg,Thomas_Fargo/Thomas_Fargo_0003.jpg,0.920676,1
Pedro_Solbes/Pedro_Solbes_0002.jpg,Hamid_Karzai/Hamid_Karzai_0008.jpg,0.8929061,1
Pedro_Solbes/Pedro_Solbes_0003.jpg,Steve_Case/Steve_Case_0001.jpg,0.933597,1
Pedro_Solbes/Pedro_Solbes_0004.jpg,Colin_Powell/Colin_Powell_0223.jpg,0.9021333,1
Peter_Mullan/Peter_Mullan_0001.jpg,Kofi_Annan/Kofi_Annan_0009.jpg,0.90435636,1
Peter_Rasch/Peter_Rasch_0001.jpg,Colin_Powell/Colin_Powell_0209.jpg,0.88969266,1
Prince_Claus/Prince_Claus_0001.jpg,Bob_Geldof/Bob_Geldof_0001.jpg,0.9236014,1
Prince_Claus/Prince_Claus_0002.jpg,Tom_Welch/Tom_Welch_0001.jpg,0.9283248,1
Prince_Claus/Prince_Claus_0003.jpg,Al_Gore/Al_Gore_0005.jpg,0.90921605,1
Prince_Claus/Prince_Claus_0004.jpg,Ed_Sullivan/Ed_Sullivan_0001.jpg,0.8796426,1
Queen_Noor/Queen_Noor_0001.jpg,Cameron_Diaz/Cameron_Diaz_0005.jpg,0.9377849,1
Raaf_Schefter/Raaf_Schefter_0001.jpg,Colin_Powell/Colin_Powell_0173.jpg,0.9243089,1
Ralph_Firman/Ralph_Firman_0001.jpg,John_Edwards/John_Edwards_0008.jpg,0.892074,1
Ralph_Firman/Ralph_Firman_0002.jpg,Hushiar_Zebari/Hushiar_Zebari_0001.jpg,0.90174156,1
Ralph_Klein/Ralph_Klein_0001.jpg,Ismail_Cem/Ismail_Cem_0001.jpg,0.9150013,1
Ralph_Klein/Ralph_Klein_0002.jpg,Hugo_Chavez/Hugo_Chavez_0017.jpg,0.9208458,1
Ray_Allen/Ray_Allen_0001.jpg,Milo_Maestrecampo/Milo_Maestrecampo_0003.jpg,0.91196287,1
Ray_Allen/Ray_Allen_0002.jpg,Sue_Wicks/Sue_Wicks_0001.jpg,0.88913155,1
Ray_Allen/Ray_Allen_0003.jpg,Hermando_Harton/Hermando_Harton_0001.jpg,0.9106817,1
Reese_Witherspoon/Reese_Witherspoon_0001.jpg,Naomi_Watts/Naomi_Watts_0017.jpg,0.9159552,1
Reese_Witherspoon/Reese_Witherspoon_0002.jpg,Annie_Machon/Annie_Machon_0001.jpg,0.90410495,1
Reese_Witherspoon/Reese_Witherspoon_0003.jpg,Justine_Pasek/Justine_Pasek_0003.jpg,0.929785,1
Reese_Witherspoon/Reese_Witherspoon_0004.jpg,Catherine_Deneuve/Catherine_Deneuve_0001.jpg,0.9189925,1
Ren_Qingjin/Ren_Qingjin_0001.jpg,Abraham_Foxman/Abraham_Foxman_0001.jpg,0.91960156,1
Rina_Lazo/Rina_Lazo_0001.jpg,Jerry_Sexton/Jerry_Sexton_0001.jpg,0.94278544,1
Roberto_Guaterroma/Roberto_Guaterroma_0001.jpg,Irfan_Ahmed/Irfan_Ahmed_0001.jpg,0.91913784,1
Roger_King/Roger_King_0001.jpg,Hugo_Chavez/Hugo_Chavez_0048.jpg,0.9274521,1
Ron_Dittemore/Ron_Dittemore_0001.jpg,Bob_Stoops/Bob_Stoops_0005.jpg,0.93444,1
Ron_Dittemore/Ron_Dittemore_0002.jpg,Tom_Ridge/Tom_Ridge_0010.jpg,0.9303292,1
Ron_Dittemore/Ron_Dittemore_0003.jpg,Martin_Landau/Martin_Landau_0001.jpg,0.9264245,1
Ron_Dittemore/Ron_Dittemore_0004.jpg,Tom_Ridge/Tom_Ridge_0033.jpg,0.92143166,1
Ron_Dittemore/Ron_Dittemore_0005.jpg,Colin_Powell/Colin_Powell_0165.jpg,0.9171363,1
Ron_Dittemore/Ron_Dittemore_0006.jpg,Tom_Ridge/Tom_Ridge_0010.jpg,0.94052196,1
Ron_Dittemore/Ron_Dittemore_0007.jpg,Colin_Powell/Colin_Powell_0050.jpg,0.91362953,1
Ron_Dittemore/Ron_Dittemore_0008.jpg,Colin_Powell/Colin_Powell_0050.jpg,0.9323493,1
Roy_Blunt/Roy_Blunt_0001.jpg,Leo_Mullin/Leo_Mullin_0001.jpg,0.91913784,1
Salman_Rushdie/Salman_Rushdie_0001.jpg,John_Banko/John_Banko_0001.jpg,0.89672464,1
Salman_Rushdie/Salman_Rushdie_0002.jpg,Hamid_Karzai/Hamid_Karzai_0018.jpg,0.8841751,1
Salman_Rushdie/Salman_Rushdie_0003.jpg,113_frontal/113_frontal.jpg,0.8824508,1
Sanjay_Chawla/Sanjay_Chawla_0001.jpg,Al_Gore/Al_Gore_0003.jpg,0.9430368,1
Sheila_Fraser/Sheila_Fraser_0001.jpg,Colin_Powell/Colin_Powell_0029.jpg,0.930726,1
Sheila_Fraser/Sheila_Fraser_0002.jpg,Karin_Stoiber/Karin_Stoiber_0002.jpg,0.9275201,1
Stephen_Daldry/Stephen_Daldry_0001.jpg,Colin_Powell/Colin_Powell_0053.jpg,0.9369913,1
Stephen_Daldry/Stephen_Daldry_0002.jpg,Cabas/Cabas_0001.jpg,0.9092721,1
Steven_Curtis_Chapman/Steven_Curtis_Chapman_0001.jpg,Evan_Marriott/Evan_Marriott_0001.jpg,0.86743844,1
Steven_Hatfill/Steven_Hatfill_0001.jpg,Carson_Palmer/Carson_Palmer_0003.jpg,0.9174522,1
Steven_Hatfill/Steven_Hatfill_0002.jpg,Hugo_Chavez/Hugo_Chavez_0051.jpg,0.91124594,1
Steve_Cox/Steve_Cox_0001.jpg,Kevin_James/Kevin_James_0001.jpg,0.86626136,1
Steve_Phillips/Steve_Phillips_0001.jpg,Colin_Powell/Colin_Powell_0024.jpg,0.8754205,1
Steve_Zahn/Steve_Zahn_0001.jpg,Diane_Lane/Diane_Lane_0001.jpg,0.93898207,1
TA_McLendon/TA_McLendon_0001.jpg,Rick_Romley/Rick_Romley_0001.jpg,0.9077858,1
Teresa_Williams/Teresa_Williams_0001.jpg,Hugo_Chavez/Hugo_Chavez_0023.jpg,0.81169546,1
Thaksin_Shinawatra/Thaksin_Shinawatra_0001.jpg,Hugo_Chavez/Hugo_Chavez_0067.jpg,0.91914004,1
Thaksin_Shinawatra/Thaksin_Shinawatra_0002.jpg,Colin_Powell/Colin_Powell_0038.jpg,0.92965245,1
Thaksin_Shinawatra/Thaksin_Shinawatra_0003.jpg,Dorthy_Moxley/Dorthy_Moxley_0001.jpg,0.8427435,1
Thaksin_Shinawatra/Thaksin_Shinawatra_0004.jpg,Tony_Stewart/Tony_Stewart_0001.jpg,0.9212358,1
Thaksin_Shinawatra/Thaksin_Shinawatra_0005.jpg,Diane_Lane/Diane_Lane_0001.jpg,0.93852425,1
Thaksin_Shinawatra/Thaksin_Shinawatra_0006.jpg,Jerry_Regier/Jerry_Regier_0001.jpg,0.9330467,1
Thierry_Mariani/Thierry_Mariani_0001.jpg,Colin_Powell/Colin_Powell_0179.jpg,0.9373002,1
Thomas_Manger/Thomas_Manger_0001.jpg,Colin_Powell/Colin_Powell_0148.jpg,0.89259654,1
Tim_Floyd/Tim_Floyd_0001.jpg,John_Kerry/John_Kerry_0009.jpg,0.9375813,1
Tim_Floyd/Tim_Floyd_0002.jpg,Tom_Welch/Tom_Welch_0001.jpg,0.93742007,1
Tino_Martinez/Tino_Martinez_0001.jpg,Colin_Powell/Colin_Powell_0102.jpg,0.8855495,1
Tomoko_Hagiwara/Tomoko_Hagiwara_0001.jpg,Michael_Chang/Michael_Chang_0006.jpg,0.9159665,1
Tomoko_Hagiwara/Tomoko_Hagiwara_0002.jpg,Habib_Rizieq/Habib_Rizieq_0001.jpg,0.84752095,1
Tom_Koenigs/Tom_Koenigs_0001.jpg,Jean-Pierre_Raffarin/Jean-Pierre_Raffarin_0002.jpg,0.88183117,1
Troy_Aikman/Troy_Aikman_0001.jpg,Tom_Rouen/Tom_Rouen_0001.jpg,0.9287344,1
Troy_Hudson/Troy_Hudson_0001.jpg,Kofi_Annan/Kofi_Annan_0024.jpg,0.90049076,1
Viara_Vike-Freiberga/Viara_Vike-Freiberga_0001.jpg,Serge_Klarsfeld/Serge_Klarsfeld_0001.jpg,0.9238195,1
Wally_Szczerbiak/Wally_Szczerbiak_0001.jpg,Pete_Sampras/Pete_Sampras_0004.jpg,0.9045943,1
Warren_Beatty/Warren_Beatty_0001.jpg,Tom_Ridge/Tom_Ridge_0010.jpg,0.92988527,1
Warren_Beatty/Warren_Beatty_0002.jpg,Aleksander_Kwasniewski/Aleksander_Kwasniewski_0004.jpg,0.94502705,1
Wen_Jiabao/Wen_Jiabao_0001.jpg,William_Burns/William_Burns_0002.jpg,0.9109092,1
Wen_Jiabao/Wen_Jiabao_0002.jpg,Abraham_Foxman/Abraham_Foxman_0001.jpg,0.9191216,1
Wen_Jiabao/Wen_Jiabao_0003.jpg,Thomas_Fargo/Thomas_Fargo_0003.jpg,0.93865037,1
Wen_Jiabao/Wen_Jiabao_0004.jpg,John_Bond/John_Bond_0001.jpg,0.9195981,1
Wen_Jiabao/Wen_Jiabao_0005.jpg,Colin_Powell/Colin_Powell_0187.jpg,0.9145099,1
Wen_Jiabao/Wen_Jiabao_0006.jpg,William_Webster/William_Webster_0001.jpg,0.9144696,1
Wen_Jiabao/Wen_Jiabao_0007.jpg,Li_Peng/Li_Peng_0006.jpg,0.8610501,1
Wen_Jiabao/Wen_Jiabao_0008.jpg,Chea_Sophara/Chea_Sophara_0001.jpg,0.9233613,1
Wen_Jiabao/Wen_Jiabao_0009.jpg,Elinor_Caplan/Elinor_Caplan_0001.jpg,0.90065783,1
Wen_Jiabao/Wen_Jiabao_0010.jpg,Li_Changchun/Li_Changchun_0001.jpg,0.94308007,1
Wen_Jiabao/Wen_Jiabao_0011.jpg,Ascencion_Barajas/Ascencion_Barajas_0001.jpg,0.9296706,1
Wen_Jiabao/Wen_Jiabao_0012.jpg,Martin_Landau/Martin_Landau_0001.jpg,0.8729546,1
Wen_Jiabao/Wen_Jiabao_0013.jpg,Colin_Powell/Colin_Powell_0232.jpg,0.93052876,1
William_Cocksedge/William_Cocksedge_0001.jpg,Sean_Astin/Sean_Astin_0002.jpg,0.9225199,1
William_Delahunt/William_Delahunt_0001.jpg,Colin_Powell/Colin_Powell_0168.jpg,0.9266205,1
William_Genego/William_Genego_0001.jpg,Michael_McNeely/Michael_McNeely_0001.jpg,0.8904442,1
Will_Ferrell/Will_Ferrell_0001.jpg,Sean_Patrick_OMalley/Sean_Patrick_OMalley_0002.jpg,0.891976,1
Woodrow_Stanley/Woodrow_Stanley_0001.jpg,John_Paul_DeJoria/John_Paul_DeJoria_0001.jpg,0.9148779,1
Yoon_Young-kwan/Yoon_Young-kwan_0001.jpg,Colin_Powell/Colin_Powell_0236.jpg,0.9291507,1
